contributor,contributor_iso_3,contributor_capital,contributor_capital_latitude,contributor_capital_longitude,contributor_continent,contributor_region,contributor_un_bloc,contributor_p5g4a3,contributor_nam,contributor_g77,contributor_au,contributor_arab_league,contributor_oic,contributor_cis,contributor_g20,contributor_eu,contributor_nato,contributor_g8,contributor_oecd,contributor_asean,contributor_oas,contributor_shanghai,contributor_gcc,contributor_uma,contributor_comesa,contributor_censad,contributor_eac,contributor_eccas,contributor_ecowas,contributor_igad,contributor_sadc
Argentina,ARG,Buenos Aires,-36.5001,-60,South America,South America,GRULAC,None,0,1,0,0,0,0,1,0,0,0,0,0,1,0,0,0,0,0,0,0,0,0,0
Australia,AUS,Canberra,-35.25,149.133,Oceania,Australia and New Zealand,WEOG,None,0,0,0,0,0,0,1,0,0,0,1,0,0,0,0,0,0,0,0,0,0,0,0
Austria,AUT,Vienna,48.2,16.3667,Europe,Western Europe,WEOG,None,0,0,0,0,0,0,0,1,0,0,1,0,0,0,0,0,0,0,0,0,0,0,0
Belgium,BEL,Brussels,50.8502,4.3501,Europe,Western Europe,WEOG,None,0,0,0,0,0,0,0,1,1,0,1,0,0,0,0,0,0,0,0,0,0,0,0
Bangladesh,BGD,Dhaka,23.7168,90.4334,Asia,Southern Asia,APG,None,1,1,0,0,1,0,0,0,0,0,0,0,0,0,0,0,0,0,0,0,0,0,0
Brazil,BRA,Brasilia,-15.7835,-47.9169,South America,South America,GRULAC,G4,0,1,0,0,0,0,1,0,0,0,0,0,1,0,0,0,0,0,0,0,0,0,0
Canada,CAN,Ottawa,45.4501,-75.7001,North America,Northern America,WEOG,None,0,0,0,0,0,0,1,0,1,1,1,0,0,0,0,0,0,0,0,0,0,0,0
Switzerland,CHE,Bern,46.9502,7.4668,Europe,Western Europe,WEOG,None,0,0,0,0,0,0,0,0,0,0,1,0,0,0,0,0,0,0,0,0,0,0,0
Chile,CHL,Santiago,-33.4001,-70.6668,South America,South America,GRULAC,None,1,1,0,0,0,0,0,0,0,0,1,0,1,0,0,0,0,0,0,0,0,0,0
China,CHN,Beijing,39.9169,116.333,Asia,Eastern Asia,APG,P5,0,1,0,0,0,0,1,0,0,0,0,0,0,1,0,0,0,0,0,0,0,0,0
Congo,COG,Brazzaville,-4.15,15.2,Africa,Middle Africa,AG,None,1,1,1,0,0,0,0,0,0,0,0,0,0,0,0,0,0,0,0,1,0,0,0
Colombia,COL,Bogota,4.5668,-74,South America,South America,GRULAC,None,1,1,0,0,0,0,0,0,0,0,0,0,1,0,0,0,0,0,0,0,0,0,0
Czech Republic,CZE,Prague,50.0834,14.3667,Europe,Eastern Europe,EEG,None,0,0,0,0,0,0,0,1,1,0,1,0,0,0,0,0,0,0,0,0,0,0,0
Germany,DEU,Berlin,52.5001,13.4167,Europe,Western Europe,WEOG,G4,0,0,0,0,0,0,1,1,1,1,1,0,0,0,0,0,0,0,0,0,0,0,0
Denmark,DNK,Copenhagen,55.6835,12.5668,Europe,Northern Europe,WEOG,None,0,0,0,0,0,0,0,1,1,0,1,0,0,0,0,0,0,0,0,0,0,0,0
Algeria,DZA,Algiers,36.7001,3.1334,Africa,Northern Africa,AG,None,1,1,1,1,1,0,0,0,0,0,0,0,0,0,0,1,0,0,0,0,0,0,0
Ecuador,ECU,Quito,-0.25,-78.5835,South America,South America,GRULAC,None,1,1,0,0,0,0,0,0,0,0,0,0,1,0,0,0,0,0,0,0,0,0,0
Spain,ESP,Madrid,40.4168,-3.7502,Europe,Southern Europe,WEOG,None,0,0,0,0,0,0,0,1,1,0,1,0,0,0,0,0,0,0,0,0,0,0,0
Finland,FIN,Helsinki,60.25,25.05,Europe,Northern Europe,WEOG,None,0,0,0,0,0,0,0,1,0,0,1,0,0,0,0,0,0,0,0,0,0,0,0
Fiji,FJI,Suva,-18.1,178.5,Oceania,Melanesia,APG,None,1,1,0,0,0,0,0,0,0,0,0,0,0,0,0,0,0,0,0,0,0,0,0
France,FRA,Paris,48.8335,2.3334,Europe,Western Europe,WEOG,P5,0,0,0,0,0,0,1,1,1,1,1,0,0,0,0,0,0,0,0,0,0,0,0
United Kingdom,GBR,London,51.6001,-0.0834,Europe,Northern Europe,WEOG,P5,0,0,0,0,0,0,1,1,1,1,1,0,0,0,0,0,0,0,0,0,0,0,0
Ghana,GHA,Accra,5.5834,-0.1,Africa,Western Africa,AG,None,1,1,1,0,0,0,0,0,0,0,0,0,0,0,0,0,0,1,0,0,1,0,0
Hungary,HUN,Budapest,47.4834,19.0833,Europe,Eastern Europe,EEG,None,0,0,0,0,0,0,0,1,1,0,1,0,0,0,0,0,0,0,0,0,0,0,0
Indonesia,IDN,Jakarta,-6.15,106.817,Asia,South-Eastern Asia,APG,None,1,1,0,0,1,0,1,0,0,0,0,1,0,0,0,0,0,0,0,0,0,0,0
India,IND,New Delhi,28.6168,77.2167,Asia,Southern Asia,APG,G4,1,1,0,0,0,0,1,0,0,0,0,0,0,0,0,0,0,0,0,0,0,0,0
Ireland,IRL,Dublin,53.3501,-6.25,Europe,Northern Europe,WEOG,None,0,0,0,0,0,0,0,1,0,0,1,0,0,0,0,0,0,0,0,0,0,0,0
Italy,ITA,Rome,41.9002,12.4834,Europe,Southern Europe,WEOG,None,0,0,0,0,0,0,1,1,1,1,1,0,0,0,0,0,0,0,0,0,0,0,0
Jordan,JOR,Amman,31.9502,35.8668,Asia,Western Asia,APG,None,1,1,0,1,1,0,0,0,0,0,0,0,0,0,0,0,0,0,0,0,0,0,0
Kenya,KEN,Nairobi,-1.2834,36.8002,Africa,Eastern Africa,AG,None,1,1,1,0,0,0,0,0,0,0,0,0,0,0,0,0,1,1,1,0,0,1,0
Malaysia,MYS,Kuala Lumpur,3.15,101.683,Asia,South-Eastern Asia,APG,None,1,1,0,0,1,0,0,0,0,0,0,1,0,0,0,0,0,0,0,0,0,0,0
Nigeria,NGA,Abuja,9.0833,7.5334,Africa,Western Africa,AG,A3,1,1,1,0,1,0,0,0,0,0,0,0,0,0,0,0,0,1,0,0,1,0,0
Netherlands,NLD,Amsterdam/The Hague,52.3834,4.9002,Europe,Western Europe,WEOG,None,0,0,0,0,0,0,0,1,1,0,1,0,0,0,0,0,0,0,0,0,0,0,0
Norway,NOR,Oslo,59.9169,10.7501,Europe,Northern Europe,WEOG,None,0,0,0,0,0,0,0,0,1,0,1,0,0,0,0,0,0,0,0,0,0,0,0
Nepal,NPL,Kathmandu,27.7502,85.3334,Asia,Southern Asia,APG,None,1,1,0,0,0,0,0,0,0,0,0,0,0,0,0,0,0,0,0,0,0,0,0
New Zealand,NZL,Wellington,-41.3167,174.767,Oceania,Australia and New Zealand,WEOG,None,0,0,0,0,0,0,0,0,0,0,1,0,0,0,0,0,0,0,0,0,0,0,0
Poland,POL,Warsaw,52.2167,21,Europe,Eastern Europe,EEG,None,0,0,0,0,0,0,0,1,1,0,0,0,0,0,0,0,0,0,0,0,0,0,0
Russian Federation,RUS,Moskva,55.7501,37.5835,Europe,Eastern Europe,EEG,P5,0,0,0,0,0,1,1,0,0,1,0,0,0,1,0,0,0,0,0,0,0,0,0
Senegal,SEN,Dakar,14.5668,-17.4834,Africa,Western Africa,AG,None,1,1,1,0,1,0,0,0,0,0,0,0,0,0,0,0,0,1,0,0,1,0,0
Serbia,SRB,Belgrade,44.8167,20.4667,Europe,Southern Europe,EEG,None,0,0,0,0,0,0,0,0,0,0,0,0,0,0,0,0,0,0,0,0,0,0,0
Sweden,SWE,Stockholm,59.3334,18.05,Europe,Northern Europe,WEOG,None,0,0,0,0,0,0,0,1,0,0,1,0,0,0,0,0,0,0,0,0,0,0,0
Turkey,TUR,Ankara,39.9502,32.9002,Asia,Western Asia,WEOG,None,0,0,0,0,1,0,1,0,1,0,1,0,0,0,0,0,0,0,0,0,0,0,0
Uruguay,URY,Montevideo,-34.8335,-56.1834,South America,South America,GRULAC,None,0,1,0,0,0,0,0,0,0,0,0,0,0,0,0,0,0,0,0,0,0,0,0
United States of America,USA,Washington DC,40.517,-77.0333,North America,Northern America,WEOG Observer,P5,0,0,0,0,0,0,1,0,1,1,1,0,0,0,0,0,0,0,0,0,0,0,0
Venezuela,VEN,Caracas,10.5001,-66.9168,South America,South America,GRULAC,None,1,1,0,0,0,0,0,0,0,0,0,0,0,0,0,0,0,0,0,0,0,0,0
Zambia,ZMB,Lusaka,-15.4668,28.2667,Africa,Eastern Africa,AG,None,1,1,1,0,0,0,0,0,0,0,0,0,0,0,0,0,1,0,0,0,0,0,1
Greece,GRC,Athens,37.9669,23.7668,Europe,Southern Europe,WEOG,None,0,0,0,0,0,0,0,1,1,0,1,0,0,0,0,0,0,0,0,0,0,0,0
Pakistan,PAK,Islamabad,33.6668,73.1667,Asia,Southern Asia,APG,None,1,1,0,0,1,0,0,0,0,0,0,0,0,0,0,0,0,0,0,0,0,0,0
Romania,ROU,Bucuresti,44.4501,26.1667,Europe,Eastern Europe,EEG,None,0,0,0,0,0,0,0,1,1,0,0,0,0,0,0,0,0,0,0,0,0,0,0
Singapore,SGP,Singapore,1.2833,103.833,Asia,South-Eastern Asia,APG,None,1,1,0,0,0,0,0,0,0,0,0,1,0,0,0,0,0,0,0,0,0,0,0
Thailand,THA,Bangkok,13.7501,100.583,Asia,South-Eastern Asia,APG,None,1,1,0,0,0,0,0,0,0,0,0,1,0,0,0,0,0,0,0,0,0,0,0
Egypt,EGY,Cairo,30.0167,31.2334,Africa,Northern Africa,AG,A3,1,1,1,1,1,0,0,0,0,0,0,0,0,0,0,0,1,1,0,0,0,0,0
Guinea-Bissau,GNB,Bissau,11.7501,-15.7501,Africa,Western Africa,AG,None,1,1,0,0,1,0,0,0,0,0,0,0,0,0,0,0,0,1,0,0,1,0,0
Morocco,MAR,Rabat,34.0333,-6.8333,Africa,Northern Africa,AG,None,1,1,0,1,1,0,0,0,0,0,0,0,0,0,0,1,0,1,0,0,0,0,0
Zimbabwe,ZWE,Harare,-17.7168,31.0333,Africa,Eastern Africa,AG,None,1,1,1,0,0,0,0,0,0,0,0,0,0,0,0,0,1,0,0,0,0,0,1
Guinea,GIN,Conakry,9.4834,-13.8168,Africa,Western Africa,AG,None,1,1,1,0,1,0,0,0,0,0,0,0,0,0,0,0,0,1,0,0,1,0,0
Peru,PER,Lima,-12,-77,South America,South America,GRULAC,None,1,1,0,0,0,0,0,0,0,0,0,0,0,0,0,0,0,0,0,0,0,0,0
Tunisia,TUN,Tunis,36.8335,10.1834,Africa,Northern Africa,AG,None,1,1,1,1,1,0,0,0,0,0,0,0,0,0,0,1,0,1,0,0,0,0,0
Mexico,MEX,Mexico,19.3334,-99.1667,South America,Central America,GRULAC,None,0,0,0,0,0,0,1,0,0,0,1,0,1,0,0,0,0,0,0,0,0,0,0
Philippines,PHL,Manila,14.6668,121.05,Asia,South-Eastern Asia,APG,None,1,1,0,0,0,0,0,0,0,0,0,1,0,0,0,0,0,0,0,0,0,0,0
Bulgaria,BGR,Sofia,42.7501,23.3334,Europe,Eastern Europe,EEG,None,0,0,0,0,0,0,0,1,1,0,0,0,0,0,0,0,0,0,0,0,0,0,0
Guyana,GUY,Georgetown,6.8335,-58.2,South America,South America,GRULAC,None,1,1,0,0,1,0,0,0,0,0,0,0,0,0,0,0,0,0,0,0,0,0,0
Luxembourg,LUX,Luxembourg,49.6168,6.15,Europe,Western Europe,WEOG,None,0,0,0,0,0,0,0,1,1,0,1,0,0,0,0,0,0,0,0,0,0,0,0
Portugal,PRT,Lisbon,38.7001,-9.1667,Europe,Southern Europe,WEOG,None,0,0,0,0,0,0,0,1,1,0,1,0,0,0,0,0,0,0,0,0,0,0,0
Cameroon,CMR,Yaounde,3.8335,11.5835,Africa,Middle Africa,AG,None,1,1,1,0,1,0,0,0,0,0,0,0,0,0,0,0,0,0,0,1,0,0,0
Guatemala,GTM,Guatemala,14.6668,-90.3667,South America,Central America,GRULAC,None,1,1,0,0,0,0,0,0,0,0,0,0,1,0,0,0,0,0,0,0,0,0,0
Ukraine,UKR,Kiev (Rus),50.5001,30.4668,Europe,Eastern Europe,EEG,None,0,0,0,0,0,0,0,0,0,0,0,0,0,0,0,0,0,0,0,0,0,0,0
Honduras,HND,Tegucigalpa,14.0834,-87.2334,South America,Central America,GRULAC,None,1,1,0,0,0,0,0,0,0,0,0,0,1,0,0,0,0,0,0,0,0,0,0
Japan,JPN,Tokyo,35.6895,139.692,Asia,Eastern Asia,APG,G4,0,0,0,0,0,0,1,0,0,1,1,0,0,0,0,0,0,0,0,0,0,0,0
Brunei,BRN,Bandar Seri Begawan,4.8668,115,Asia,South-Eastern Asia,APG,None,1,1,0,0,1,0,0,0,0,0,0,1,0,0,0,0,0,0,0,0,0,0,0
Botswana,BWA,Gaborone,-24.7502,25.9502,Africa,Southern Africa,AG,None,1,1,1,0,0,0,0,0,0,0,0,0,0,0,0,0,0,0,0,0,0,0,1
Cape Verde,CPV,Praia,15.0333,-23.5668,Africa,Western Africa,AG,None,1,1,1,0,0,0,0,0,0,0,0,0,0,0,0,0,0,0,0,0,1,0,0
Slovakia,SVK,Bratislava,48.1667,17.1167,Europe,Eastern Europe,EEG,None,0,0,0,0,0,0,0,1,1,0,1,0,0,0,0,0,0,0,0,0,0,0,0
United Arab Emirates,ARE,Abu Dhabi,24.4668,54.3667,Asia,Western Asia,APG,None,1,1,0,1,1,0,0,0,0,0,0,0,0,0,1,0,0,0,0,0,0,0,0
Republic of Korea,KOR,Seoul,37.5168,126.967,Asia,Eastern Asia,APG,None,0,0,0,0,0,0,1,0,0,0,1,0,0,0,0,0,0,0,0,0,0,0,0
Kuwait,KWT,Kuwait,29.5001,48,Asia,Western Asia,APG,None,1,1,0,1,1,0,0,0,0,0,0,0,0,0,1,0,0,0,0,0,0,0,0
Saudi Arabia,SAU,Riyadh,24.6835,46.7001,Asia,Western Asia,APG,None,1,1,0,1,1,0,1,0,0,0,0,0,0,0,1,0,0,0,0,0,0,0,0
Mali,MLI,Bamako,12.5668,-7.9169,Africa,Western Africa,AG,None,1,1,1,0,1,0,0,0,0,0,0,0,0,0,0,0,0,1,0,0,1,0,0
Togo,TGO,Lome,6.15,1.3334,Africa,Western Africa,AG,None,1,1,1,0,1,0,0,0,0,0,0,0,0,0,0,0,0,1,0,0,1,0,0
Malawi,MWI,Lilongwe,-14,33.8002,Africa,Eastern Africa,AG,None,1,1,1,0,0,0,0,0,0,0,0,0,0,0,0,0,1,0,0,0,0,0,1
Sri Lanka,LKA,Sri Jayawardenapura,6.9108,79.8878,Asia,Southern Asia,APG,None,1,1,0,0,0,0,0,0,0,0,0,0,0,0,0,0,0,0,0,0,0,0,0
Ethiopia,ETH,Addis Ababa,9.0333,38.7001,Africa,Eastern Africa,AG,None,1,1,1,0,0,0,0,0,0,0,0,0,0,0,0,0,1,0,0,0,0,1,0
Niger,NER,Niamey,13.4501,2.1,Africa,Western Africa,AG,None,1,1,1,0,1,0,0,0,0,0,0,0,0,0,0,0,0,1,0,0,1,0,0
Djibouti,DJI,Djibouti,11.1334,42.3334,Africa,Eastern Africa,AG,None,1,1,1,1,1,0,0,0,0,0,0,0,0,0,0,0,1,1,0,0,0,1,0
Chad,TCD,NDjamena',12.1667,14.9835,Africa,Middle Africa,AG,None,1,1,1,0,1,0,0,0,0,0,0,0,0,0,0,0,0,1,0,1,0,0,0
Albania,ALB,Tirane,41.3001,19.8168,Europe,Southern Europe,EEG,None,0,0,0,0,1,0,0,0,1,0,0,0,0,0,0,0,0,0,0,0,0,0,0
Lithuania,LTU,Vilnius,54.6335,25.3167,Europe,Northern Europe,EEG,None,0,0,0,0,0,0,0,1,1,0,0,0,0,0,0,0,0,0,0,0,0,0,0
El Salvador,SLV,San Salvador,13.6668,-89.1667,South America,Central America,GRULAC,None,0,1,0,0,0,0,0,0,0,0,0,0,1,0,0,0,0,0,0,0,0,0,0
Cuba,CUB,Havana,23.1334,-82.3667,South America,Caribbean,GRULAC,None,1,1,0,0,0,0,0,0,0,0,0,0,1,0,0,0,0,0,0,0,0,0,0
Barbados,BRB,Bridgetown,13.0834,-59.5001,South America,Caribbean,GRULAC,None,1,1,0,0,0,0,0,0,0,0,0,0,1,0,0,0,0,0,0,0,0,0,0
Estonia,EST,Tallinn,59.3667,24.8002,Europe,Northern Europe,EEG,None,0,0,0,0,0,0,0,1,1,0,1,0,0,0,0,0,0,0,0,0,0,0,0
Jamaica,JAM,Kingston,18,-76.8335,South America,Caribbean,GRULAC,None,1,1,0,0,0,0,0,0,0,0,0,0,1,0,0,0,0,0,0,0,0,0,0
Trinidad and Tobago,TTO,Port of Spain,10.6667,-61.5167,South America,Caribbean,GRULAC,None,1,1,0,0,0,0,0,0,0,0,0,0,1,0,0,0,0,0,0,0,0,0,0
Antigua and Barbuda,ATG,W. Indies,17.3334,-61.8002,South America,Caribbean,GRULAC,None,1,1,0,0,0,0,0,0,0,0,0,0,1,0,0,0,0,0,0,0,0,0,0
Suriname,SUR,Paramaribo,5.8335,-55.1667,South America,South America,GRULAC,None,1,1,0,0,1,0,0,0,0,0,0,0,1,0,0,0,0,0,0,0,0,0,0
Benin,BEN,Porto-Novo (constitu,6.3834,2.7001,Africa,Western Africa,AG,None,1,1,1,0,1,0,0,0,0,0,0,0,0,0,0,0,0,1,0,0,1,0,0
Bahamas,BHS,Nassau,25.0833,-77.3334,South America,Caribbean,GRULAC,None,1,1,0,0,0,0,0,0,0,0,0,0,1,0,0,0,0,0,0,0,0,0,0
Tanzania,TZA,Dodoma,-6.1334,35.7501,Africa,Eastern Africa,AG,None,1,1,1,0,0,0,0,0,0,0,0,0,0,0,0,0,0,0,1,0,0,0,1
Namibia,NAM,Windhoek,-22.5835,17.0667,Africa,Southern Africa,AG,None,1,1,1,0,0,0,0,0,0,0,0,0,0,0,0,0,0,0,0,0,0,0,1
Iceland,ISL,Reykjavik,64.1667,-21.9502,Europe,Northern Europe,WEOG,None,0,0,0,0,0,0,0,0,1,0,1,0,0,0,0,0,0,0,0,0,0,0,0
Slovenia,SVN,Ljubljana,46.0667,14.5501,Europe,Southern Europe,EEG,None,0,0,0,0,0,0,0,1,1,0,1,0,0,0,0,0,0,0,0,0,0,0,0
Burkina Faso,BFA,Ouagadougou,12.25,-1.5001,Africa,Western Africa,AG,None,1,1,1,0,1,0,0,0,0,0,0,0,0,0,0,0,0,1,0,0,1,0,0
Cote d Ivoire,CIV,Yamoussoukro,6.8168,-5.2834,Africa,Western Africa,AG,None,1,1,1,0,1,0,0,0,0,0,0,0,0,0,0,0,0,1,0,0,1,0,0
Gabon,GAB,Libreville,0.4168,9.4334,Africa,Middle Africa,AG,None,1,1,1,0,1,0,0,0,0,0,0,0,0,0,0,0,0,0,0,1,0,0,0
Gambia,GMB,Banjul,13.4668,-16.6668,Africa,Western Africa,AG,None,1,1,1,0,1,0,0,0,0,0,0,0,0,0,0,0,0,1,0,0,1,0,0
Kyrgyzstan,KGZ,Bishkek,42.9002,74.7668,Asia,Central Asia,APG,None,0,0,0,0,1,1,0,0,0,0,0,0,0,1,0,0,0,0,0,0,0,0,0
Bolivia,BOL,La Paz (adm.)/sucre,-16.3334,-68.1667,South America,South America,GRULAC,None,1,1,0,0,0,0,0,0,0,0,0,0,1,0,0,0,0,0,0,0,0,0,0
Croatia,HRV,Zagreb,45.8335,15.9669,Europe,Southern Europe,EEG,None,0,0,0,0,0,0,0,0,1,0,0,0,0,0,0,0,0,0,0,0,0,0,0
South Africa,ZAF,Pretoria (adm.) / Ca,-25.7335,28.2,Africa,Southern Africa,AG,A3,1,1,1,0,0,0,1,0,0,0,0,0,0,0,0,0,0,0,0,0,0,0,1
Mozambique,MOZ,Maputo,-25.9669,32.5334,Africa,Eastern Africa,AG,None,1,1,1,0,1,0,0,0,0,0,0,0,0,0,0,0,0,0,0,0,0,0,1
Libya,LBY,Tripoli,32.8168,13.1167,Africa,Northern Africa,AG,None,1,1,1,1,1,0,0,0,0,0,0,0,0,0,0,1,1,1,0,0,0,0,0
Bosnia and Herzegovina,BIH,Sarajevo,43.8668,18.4334,Europe,Southern Europe,EEG,None,0,1,0,0,0,0,0,0,0,0,0,0,0,0,0,0,0,0,0,0,0,0,0
Dominican Republic,DOM,Santo Domingo,18.5001,-69.9835,South America,Caribbean,GRULAC,None,1,1,0,0,0,0,0,0,0,0,0,0,1,0,0,0,0,0,0,0,0,0,0
Samoa,WSM,Apia,-13.8335,-171.833,Oceania,Polynesia,APG,None,0,1,0,0,0,0,0,0,0,0,0,0,0,0,0,0,0,0,0,0,0,0,0
Vanuatu,VUT,Port-Vila,-17.7502,168.3,Oceania,Melanesia,APG,None,1,1,0,0,0,0,0,0,0,0,0,0,0,0,0,0,0,0,0,0,0,0,0
Paraguay,PRY,Asuncion,-25.1667,-57.5001,South America,South America,GRULAC,None,0,1,0,0,0,0,0,0,0,0,0,0,0,0,0,0,0,0,0,0,0,0,0
Mongolia,MNG,Ulan Bator,47.9167,106.917,Asia,Eastern Asia,APG,None,1,1,0,0,0,0,0,0,0,0,0,0,0,0,0,0,0,0,0,0,0,0,0
Iran,IRN,Tehran,35.7335,51.5001,Asia,Southern Asia,APG,None,1,1,0,0,1,0,0,0,0,0,0,0,0,0,0,0,0,0,0,0,0,0,0
Mauritius,MUS,Port Louis,-20.1644,57.5041,Africa,Eastern Africa,AG,None,1,1,1,0,0,0,0,0,0,0,0,0,0,0,0,0,1,0,0,0,0,0,1
Moldova,MDA,Chisinau,47.0333,28.8335,Europe,Eastern Europe,EEG,None,0,0,0,0,0,1,0,0,0,0,0,0,0,0,0,0,0,0,0,0,0,0,0
Yemen,YEM,Sanaa',15.3483,44.2064,Asia,Western Asia,APG,None,1,1,0,1,1,0,0,0,0,0,0,0,0,0,0,0,0,0,0,0,0,0,0
Uganda,UGA,Kampala,0.3334,32.5001,Africa,Eastern Africa,AG,None,1,1,1,0,1,0,0,0,0,0,0,0,0,0,0,0,1,0,1,0,0,1,0
Dominica,DMA,Roseau,15.3334,-61.4001,South America,Caribbean,GRULAC,None,1,1,0,0,0,0,0,0,0,0,0,0,1,0,0,0,0,0,0,0,0,0,0
Madagascar,MDG,Antananarivo,-18.9168,47.5168,Africa,Eastern Africa,AG,None,1,0,0,0,0,0,0,0,0,0,0,0,0,0,0,0,1,0,0,0,0,0,0
Sierra Leone,SLE,Freetown,8.5001,-13.2834,Africa,Western Africa,AG,None,1,1,1,0,1,0,0,0,0,0,0,0,0,0,0,0,0,1,0,0,1,0,0
Lebanon,LBN,Beirut,33.8835,35.5168,Asia,Western Asia,APG,None,1,1,0,1,1,0,0,0,0,0,0,0,0,0,0,0,0,0,0,0,0,0,0
Cambodia,KHM,Phnom Penh,11.5501,104.917,Asia,South-Eastern Asia,APG,None,1,1,0,0,0,0,0,0,0,0,0,1,0,0,0,0,0,0,0,0,0,0,0
Rwanda,RWA,Kigali,-1.9835,30.0667,Africa,Eastern Africa,AG,None,1,1,1,0,0,0,0,0,0,0,0,0,0,0,0,0,1,0,1,0,0,0,0
Central African Republic,CAF,Bangui,4.3834,18.5835,Africa,Middle Africa,AG,None,1,1,0,0,0,0,0,0,0,0,0,0,0,0,0,0,0,1,0,1,0,0,0
Palau,PLW,Koror,7.3334,134.467,Oceania,Micronesia,APG,None,0,0,0,0,0,0,0,0,0,0,0,0,0,0,0,0,0,0,0,0,0,0,0
Timor-Leste,TLS,Dili,-8.4834,125.567,Asia,South-Eastern Asia,APG,None,1,1,0,0,0,0,0,0,0,0,0,0,0,0,0,0,0,0,0,0,0,0,0
Grenada,GRD,St. Georges,12.05,-61.75,South America,Caribbean,GRULAC,None,1,1,0,0,0,0,0,0,0,0,0,0,1,0,0,0,0,0,0,0,0,0,0
Macedonia,MKD,Skopje,42.0167,21.4334,Europe,Southern Europe,EEG,None,0,1,0,0,0,0,0,0,0,0,0,0,0,0,0,0,0,0,0,0,0,0,0
Montenegro,MNE,Podgorica,42.441,19.2628,Europe,Southern Europe,EEG,None,0,0,0,0,0,0,0,0,0,0,0,0,0,0,0,0,0,0,0,0,0,0,0
Qatar,QAT,Doha,25.25,51.5835,Asia,Western Asia,APG,None,1,1,0,1,1,0,0,0,0,0,0,0,0,0,1,0,0,0,0,0,0,0,0
Cyprus,CYP,Nicosia,35.1667,33.4168,Asia,Western Asia,APG,None,0,0,0,0,0,0,0,1,0,0,0,0,0,0,0,0,0,0,0,0,0,0,0
Burundi,BDI,Bujumbura,-3.2667,29.3001,Africa,Eastern Africa,AG,None,1,1,1,0,0,0,0,0,0,0,0,0,0,0,0,0,1,0,1,1,0,0,0
Kazakhstan,KAZ,Astana,51.1667,71.5001,Asia,Central Asia,APG,None,0,0,0,0,1,1,0,0,0,0,0,0,0,1,0,0,0,0,0,0,0,0,0
DR Congo,COD,Kinshasa,-4.3334,15.25,Africa,Middle Africa,AG,None,1,1,1,0,0,0,0,0,0,0,0,0,0,0,0,0,1,0,0,1,0,0,1
Mauritania,MRT,Nouakchott,-20.1667,57.5001,Africa,Western Africa,AG,None,1,1,1,1,1,0,0,0,0,0,0,0,0,0,0,1,0,0,0,0,0,0,0
Lesotho,LSO,Maseru,-29.3001,27.5001,Africa,Southern Africa,AG,None,1,1,1,0,0,0,0,0,0,0,0,0,0,0,0,0,0,0,0,0,0,0,1
Israel,ISR,Jerusalem,31.7835,35.2,Asia,Western Asia,WEOG,None,0,0,0,0,0,0,0,0,0,0,1,0,0,0,0,0,0,0,0,0,0,0,0
Tajikistan,TJK,Dushanbe,38.5501,68.8002,Asia,Central Asia,APG,None,0,1,0,0,1,1,0,0,0,0,0,0,0,1,0,0,0,0,0,0,0,0,0
Belarus,BLR,Minsk,53.8668,27.5001,Europe,Eastern Europe,EEG,None,1,0,0,0,0,1,0,0,0,0,0,0,0,0,0,0,0,0,0,0,0,0,0
Papua New Guinea,PNG,Port Moresby,-9.4001,147.133,Oceania,Melanesia,APG,None,1,1,0,0,0,0,0,0,0,0,0,0,0,0,0,0,0,0,0,0,0,0,0
Armenia,ARM,Yerevan,40.1667,44.5168,Asia,Western Asia,EEG,None,0,0,0,0,0,1,0,0,0,0,0,0,0,0,0,0,0,0,0,0,0,0,0
Liberia,LBR,Monrovia,6.3001,-10.7835,Africa,Western Africa,AG,None,1,1,1,0,0,0,0,0,0,0,0,0,0,0,0,0,0,1,0,0,1,0,0
Chad,TCD,N'Djamena,12.1667,14.9835,Africa,Middle Africa,AG,None,1,1,1,0,1,0,0,0,0,0,0,0,0,0,0,0,0,1,0,1,0,0,0
The former Yugoslav Republic of Macedonia,MKD,Skopje,42.0167,21.4334,Europe,Southern Europe,EEG,None,0,1,0,0,0,0,0,0,0,0,0,0,0,0,0,0,0,0,0,0,0,0,0
Yemen,YEM,Sana'a,15.3483,44.2064,Asia,Western Asia,APG,None,1,1,0,1,1,0,0,0,0,0,0,0,0,0,0,0,0,0,0,0,0,0,0
Cyprus,CYP,Nicosia,35.1667,33.3667,Asia,Western Asia,APG,None,0,0,0,0,0,0,0,1,0,0,0,0,0,0,0,0,0,0,0,0,0,0,0
Vietnam,VNM,Hanoi,21.0833,105.917,Asia,South-Eastern Asia,APG,None,1,1,0,0,0,0,0,0,0,0,0,1,0,0,0,0,0,0,0,0,0,0,0
Bhutan,BTN,Thimphu,27.4666,89.6416,Asia,South-Eastern Asia,APG,None,1,1,0,0,0,0,0,0,0,0,0,0,0,0,0,0,0,0,0,0,0,0,0
Myanmar,MMR,Yangon,16.7502,96.3334,Asia,South-Eastern Asia,APG,None,1,1,0,0,0,0,0,0,0,0,0,1,0,0,0,0,0,0,0,0,0,0,0
Georgia,GEO,Tbilisi,41.7168,44.8335,Asia,Western Asia,EEG,None,0,0,0,0,0,0,0,0,0,0,0,0,0,0,0,0,0,0,0,0,0,0,0
Latvia,LVA,Riga,56.8835,24.1334,Europe,Northern Europe,EEG,None,0,0,0,0,0,0,0,1,1,0,0,0,0,0,0,0,0,0,0,0,0,0,0
Solomon Islands,SLB,Honiara,-9.4501,159.95,Oceania,Melanesia,APG,None,0,1,0,0,0,0,0,0,0,0,0,0,0,0,0,0,0,0,0,0,0,0,0
Costa Rica,CRI,San Jose,9.9169,-84.0333,South America,Central America,GRULAC,None,0,1,0,0,0,0,0,0,0,0,0,0,1,0,0,0,0,0,0,0,0,0,0
Azerbaijan,AZE,Baku,40.4834,49.9335,Asia,Western Asia,EEG,None,1,0,0,0,0,1,0,0,0,0,0,0,0,0,0,0,0,0,0,0,0,0,0
Malta,MLT,Valletta,35.9002,14.5168,Europe,Southern Europe,WEOG,None,0,0,0,0,0,0,0,1,0,0,0,0,0,0,0,0,0,0,0,0,0,0,0
Swaziland,SWZ,Mbabane (Adm.),-26.3001,31.1,Africa,Southern Africa,AG,None,1,1,1,0,0,0,0,0,0,0,0,0,0,0,0,0,1,0,0,0,0,0,1
